JG4-E:3378-000,AIP
JG4-E:3379-000,AIP
JG4-E:3379-000,AIP
JG4-E:3380-000,AIP
JG4-E:3381-000,AIP
JG4-E:3382-000,AIP
JG4-E:3383-000,AIP
JG4-E:3383-000,AIP
JG4-E:3384-000,AIP
JG4-E:3385-000,AIP
JG4-E:3386-000,AIP
JG4-E:3387-000,AIP
JG4-E:3387-000,AIP
JG4-E:3388-000,AIP
JG4-E:3389-000,AIP
JG4-J:3174-000,AIP
JG4-J:3175-000,AIP
JG4-J:3176-000,AIP
JG4-J:3177-000,AIP
JG4-J:3178-000,AIP
JG4-J:3179-000,AIP
JG4-J:3180-000,AIP
JG4-J:3181-000,AIP
JG4-J:3182-000,AIP
JG4-J:3183-000,AIP
JG4-J:3184-000,AIP
JG4-J:3185-000,AIP
JG4-J:3186-000,AIP
JG4-J:3187-000,AIP
JG4-J:3188-000,AIP
JG4-J:3189-000,AIP
JG4-J:3190-000,AIP
JG4-J:3191-000,AIP
JG4-J:3192-000,AIP
JG4-J:3193-000,AIP
JG4-J:3194-000,AIP
JG4-J:3195-000,AIP
JG4-J:3196-000,AIP
JG4-J:3196-000,AIP
JG4-J:3197-000,AIP
