P_style,P_schedule,P_color
SFPFMN23,766797,SFBlack
SFPFMN23,766798,SFBlack
SFPFMN23,766799,SFBlack
SFPFMN23,766800,SFBlack
SFPFMN23,766801,SFBlack
SFPFMN23,766802,SFBlack
SFPFMN23,766803,SFBlack
SFPFMN23,766804,SFBlack
SFPFMN23,766805,SFBlack
SFPFMN23,766806,SFBlack
SFPFMN23,766807,SFBlack
SFPFMN23,766808,SFBlack
SFPFMN23,766809,SFBlack
SFPFMN23,766810,SFBlack
SFPFMN23,766811,SFBlack
SFPFMN23,766812,SFBlack
SFPFMN23,766813,SFBlack
SFPFMN23,766814,SFBlack
SFPFMN23,766815,SFBlack
SFPFMN23,766816,SFBlack
SFPFMN23,766817,SFBlack
SFPFMN23,766818,SFBlack
SFPFMN23,766819,SFBlack
SFPFMN23,766820,SFBlack
SFPFMN23,766821,SFBlack
SFPFMN23,766822,SFBlack
SFPFMN23,766823,SFBlack
SFPFMN23,766824,SFBlack
SFPFMN23,766825,SFBlack
SFPFMN23,766826,SFBlack
SFPFMN23,766827,SFBlack
SFPFMN23,766828,SFBlack
SFPFMN23,766829,SFBlack
SFPFMN23,766830,SFBlack
SFPFMN23,766831,SFBlack
SFPFMN23,766832,SFBlack
SFPFMN23,766833,SFBlack
SFPFMN23,766834,SFBlack
SFPFMN23,766835,SFBlack
SFPFMN23,766836,SFBlack
SFPFMN23,766837,SFBlack
SFPFMN23,766838,SFBlack
SFPFMN23,766839,SFBlack
SFPFMN23,766840,SFBlack
SFPFMN23,766841,SFBlack
SFPFMN23,766842,SFBlack
SFPFMN23,766843,SFBlack