Label,# Samples,Average,Median,90% Line,95% Line,99% Line,Min,Max,Error %,Throughput,Received KB/sec,Sent KB/sec
TR_perfusera_MasterPOPlan_PageLoad,1,425,425,425,425,425,425,425,0.000%,1.94175,2.45,2.65
TR_perfuserb_MasterPOPlan_PageLoad,1,348,348,348,348,348,348,348,0.000%,2.22717,2.81,3.04
TR_perfuserd_MasterPOPlan_PageLoad,1,231,231,231,231,231,231,231,0.000%,3.00300,3.79,4.09
TR_perfuserc_MasterPOPlan_PageLoad,1,285,285,285,285,285,285,285,0.000%,2.57069,3.24,3.50
TR_perfusere_MasterPOPlan_PageLoad,1,229,229,229,229,229,229,229,0.000%,3.02115,3.81,4.12
TR_perfuserf_MasterPOPlan_PageLoad,1,254,254,254,254,254,254,254,0.000%,2.80899,3.54,3.83
TR_perfuserg_MasterPOPlan_PageLoad,1,218,218,218,218,218,218,218,0.000%,3.11526,3.93,4.25
TR_perfuserh_MasterPOPlan_PageLoad,1,248,248,248,248,248,248,248,0.000%,2.87356,3.62,3.92
TR_perfuserj_MasterPOPlan_PageLoad,1,212,212,212,212,212,212,212,0.000%,3.19489,4.03,4.36
TR_perfuseri_MasterPOPlan_PageLoad,1,282,282,282,282,282,282,282,0.000%,2.61097,3.29,3.56
TR_perfusera_MasterPOPlan_FillData,1,311,311,311,311,311,311,311,0.000%,1.90114,11.97,5.41
TR_perfuserc_MasterPOPlan_FillData,1,299,299,299,299,299,299,299,0.000%,2.00803,12.64,5.71
TR_perfuserk_MasterPOPlan_PageLoad,1,297,297,297,297,297,297,297,0.000%,2.45700,3.10,3.35
TR_perfuserb_MasterPOPlan_FillData,1,347,347,347,347,347,347,347,0.000%,1.76991,11.14,5.03
TR_perfuserd_MasterPOPlan_FillData,1,354,354,354,354,354,354,354,0.000%,1.74520,10.99,4.96
TR_perfusere_MasterPOPlan_FillData,1,337,337,337,337,337,337,337,0.000%,1.78253,11.22,5.07
TR_perfuserm_MasterPOPlan_PageLoad,1,246,246,246,246,246,246,246,0.000%,2.74725,3.46,3.75
TR_perfuserl_MasterPOPlan_PageLoad,1,278,278,278,278,278,278,278,0.000%,2.57732,3.25,3.51
TR_perfusern_MasterPOPlan_PageLoad,1,259,259,259,259,259,259,259,0.000%,2.71003,3.42,3.69
TR_perfuserg_MasterPOPlan_FillData,1,336,336,336,336,336,336,336,0.000%,1.79211,11.28,5.10
TR_perfuserf_MasterPOPlan_FillData,1,363,363,363,363,363,363,363,0.000%,1.69779,10.69,4.83
TR_perfusero_MasterPOPlan_PageLoad,1,248,248,248,248,248,248,248,0.000%,2.84091,3.58,3.87
TR_perfuserc_MasterPOPlan_Search_ButtonClick,1,189,189,189,189,189,189,189,0.000%,3.36700,4.13,5.06
TR_perfusera_MasterPOPlan_Search_ButtonClick,1,179,179,179,179,179,179,179,0.000%,3.31126,4.06,4.98
TR_perfuserh_MasterPOPlan_FillData,1,331,331,331,331,331,331,331,0.000%,1.85874,11.70,5.29
TR_perfuserb_MasterPOPlan_Search_ButtonClick,1,165,165,165,165,165,165,165,0.000%,3.80228,4.66,5.71
TR_perfusere_MasterPOPlan_Search_ButtonClick,1,148,148,148,148,148,148,148,0.000%,3.89105,4.77,5.85
TR_perfuserd_MasterPOPlan_Search_ButtonClick,1,195,195,195,195,195,195,195,0.000%,3.35570,4.12,5.04
TR_perfuserj_MasterPOPlan_FillData,1,336,336,336,336,336,336,336,0.000%,1.77305,11.16,5.04
TR_perfuseri_MasterPOPlan_FillData,1,355,355,355,355,355,355,355,0.000%,1.75439,11.05,4.99
TR_perfuserf_MasterPOPlan_Search_ButtonClick,1,162,162,162,162,162,162,162,0.000%,3.73134,4.58,5.61
TR_perfuserg_MasterPOPlan_Search_ButtonClick,1,193,193,193,193,193,193,193,0.000%,3.37838,4.14,5.08
TR_perfuserh_MasterPOPlan_Search_ButtonClick,1,169,169,169,169,169,169,169,0.000%,3.52113,4.32,5.29
TR_perfuserk_MasterPOPlan_FillData,1,371,371,371,371,371,371,371,0.000%,1.69205,10.65,4.81
TR_perfuseri_MasterPOPlan_Search_ButtonClick,1,165,165,165,165,165,165,165,0.000%,3.81679,4.68,5.74
TR_perfuserj_MasterPOPlan_Search_ButtonClick,1,203,203,203,203,203,203,203,0.000%,3.16456,3.88,4.76
TR_perfuserl_MasterPOPlan_FillData,1,364,364,364,364,364,364,364,0.000%,1.71527,10.80,4.88
TR_perfuserm_MasterPOPlan_FillData,1,381,381,381,381,381,381,381,0.000%,1.70648,10.75,4.85
TR_perfusero_MasterPOPlan_FillData,1,312,312,312,312,312,312,312,0.000%,1.85185,11.66,5.27
TR_perfusern_MasterPOPlan_FillData,1,383,383,383,383,383,383,383,0.000%,1.63666,10.31,4.65
TR_perfuserk_MasterPOPlan_Search_ButtonClick,1,174,174,174,174,174,174,174,0.000%,3.49650,4.29,5.25
TR_perfuserm_MasterPOPlan_Search_ButtonClick,1,142,142,142,142,142,142,142,0.000%,3.80228,4.66,5.71
TR_perfuserl_MasterPOPlan_Search_ButtonClick,1,144,144,144,144,144,144,144,0.000%,3.77358,4.63,5.67
TR_perfusero_MasterPOPlan_Search_ButtonClick,1,113,113,113,113,113,113,113,0.000%,4.46429,5.48,6.71
TR_perfusern_MasterPOPlan_Search_ButtonClick,1,159,159,159,159,159,159,159,0.000%,3.61011,4.43,5.43
TR_perfusera_MasterPOPlan_Proceed_ButtonClick,1,861,861,861,861,861,861,861,0.000%,.61162,12.54,5.82
TR_perfuserc_MasterPOPlan_Proceed_ButtonClick,1,862,862,862,862,862,862,862,0.000%,.61125,12.53,5.81
TR_perfuserb_MasterPOPlan_Proceed_ButtonClick,1,853,853,853,853,853,853,853,0.000%,.61312,12.57,5.83
TR_perfuserd_MasterPOPlan_Proceed_ButtonClick,1,823,823,823,823,823,823,823,0.000%,.63291,12.97,6.02
TR_perfusere_MasterPOPlan_Proceed_ButtonClick,1,827,827,827,827,827,827,827,0.000%,.60643,12.43,5.77
TR_perfuserf_MasterPOPlan_Proceed_ButtonClick,1,834,834,834,834,834,834,834,0.000%,.62814,12.87,5.97
TR_perfuserg_MasterPOPlan_Proceed_ButtonClick,1,820,820,820,820,820,820,820,0.000%,.62617,12.83,5.95
TR_perfuserh_MasterPOPlan_Proceed_ButtonClick,1,832,832,832,832,832,832,832,0.000%,.61920,12.69,5.89
TR_perfuseri_MasterPOPlan_Proceed_ButtonClick,1,824,824,824,824,824,824,824,0.000%,.62578,12.83,5.95
TR_perfuserj_MasterPOPlan_Proceed_ButtonClick,1,802,802,802,802,802,802,802,0.000%,.63211,12.96,6.01
TR_perfusera_OperationRouting_Save_ButtonClick,1,241,241,241,241,241,241,241,0.000%,2.13675,4.88,6.35
TR_perfuserc_OperationRouting_Save_ButtonClick,1,237,237,237,237,237,237,237,0.000%,2.09205,4.78,6.21
TR_perfuserb_OperationRouting_Save_ButtonClick,1,239,239,239,239,239,239,239,0.000%,2.09644,4.79,6.23
TR_perfuserd_OperationRouting_Save_ButtonClick,1,243,243,243,243,243,243,243,0.000%,2.09205,4.78,6.21
TR_perfuserk_MasterPOPlan_Proceed_ButtonClick,1,749,749,749,749,749,749,749,0.000%,.64641,13.25,6.15
TR_perfusere_OperationRouting_Save_ButtonClick,1,241,241,241,241,241,241,241,0.000%,2.09205,4.78,6.21
TR_perfuserm_MasterPOPlan_Proceed_ButtonClick,1,736,736,736,736,736,736,736,0.000%,.65232,13.37,6.20
TR_perfuserf_OperationRouting_Save_ButtonClick,1,227,227,227,227,227,227,227,0.000%,2.15983,4.94,6.42
TR_perfusero_MasterPOPlan_Proceed_ButtonClick,1,726,726,726,726,726,726,726,0.000%,.65359,13.40,6.21
TR_perfuserl_MasterPOPlan_Proceed_ButtonClick,1,758,758,758,758,758,758,758,0.000%,.63412,13.00,6.03
TR_perfuserg_OperationRouting_Save_ButtonClick,1,227,227,227,227,227,227,227,0.000%,2.13220,4.87,6.33
TR_perfusern_MasterPOPlan_Proceed_ButtonClick,1,735,735,735,735,735,735,735,0.000%,.65189,13.36,6.20
TR_perfuserh_OperationRouting_Save_ButtonClick,1,222,222,222,222,222,222,222,0.000%,2.16450,4.95,6.43
TR_perfuseri_OperationRouting_Save_ButtonClick,1,231,231,231,231,231,231,231,0.000%,2.16450,4.95,6.43
TR_perfuserj_OperationRouting_Save_ButtonClick,1,214,214,214,214,214,214,214,0.000%,2.17865,4.98,6.47
TR_perfuserc_JobPreference_PageLoad,1,220,220,220,220,220,220,220,0.000%,2.25734,16.71,6.49
TR_perfusera_JobPreference_PageLoad,1,215,215,215,215,215,215,215,0.000%,2.20264,16.30,6.33
TR_perfuserd_JobPreference_PageLoad,1,212,212,212,212,212,212,212,0.000%,2.24719,16.63,6.46
TR_perfuserb_JobPreference_PageLoad,1,217,217,217,217,217,217,217,0.000%,2.23214,16.52,6.41
TR_perfuserk_OperationRouting_Save_ButtonClick,1,229,229,229,229,229,229,229,0.000%,2.12314,4.85,6.31
TR_perfusere_JobPreference_PageLoad,1,220,220,220,220,220,220,220,0.000%,2.23714,16.56,6.43
TR_perfuserf_JobPreference_PageLoad,1,213,213,213,213,213,213,213,0.000%,2.25225,16.67,6.47
TR_perfuserm_OperationRouting_Save_ButtonClick,1,223,223,223,223,223,223,223,0.000%,2.14133,4.90,6.36
TR_perfusero_OperationRouting_Save_ButtonClick,1,214,214,214,214,214,214,214,0.000%,2.18341,4.99,6.49
TR_perfuserg_JobPreference_PageLoad,1,211,211,211,211,211,211,211,0.000%,2.21729,16.41,6.37
TR_perfuserl_OperationRouting_Save_ButtonClick,1,220,220,220,220,220,220,220,0.000%,2.15517,4.93,6.40
TR_perfuserh_JobPreference_PageLoad,1,218,218,218,218,218,218,218,0.000%,2.23214,16.52,6.41
TR_perfusern_OperationRouting_Save_ButtonClick,1,240,240,240,240,240,240,240,0.000%,2.09644,4.79,6.23
TR_perfuseri_JobPreference_PageLoad,1,225,225,225,225,225,225,225,0.000%,2.19298,16.23,6.30
TR_perfuserj_JobPreference_PageLoad,1,219,219,219,219,219,219,219,0.000%,2.21239,16.37,6.36
TR_perfusera_JobPreference_Save_ButtonClick,1,269,269,269,269,269,269,269,0.000%,1.97628,5.00,5.93
TR_perfuserk_JobPreference_PageLoad,1,217,217,217,217,217,217,217,0.000%,2.22717,16.48,6.40
TR_perfuserc_JobPreference_Save_ButtonClick,1,310,310,310,310,310,310,310,0.000%,1.80832,4.57,5.43
TR_perfuserb_JobPreference_Save_ButtonClick,1,309,309,309,309,309,309,309,0.000%,1.82149,4.61,5.47
TR_perfuserd_JobPreference_Save_ButtonClick,1,329,329,329,329,329,329,329,0.000%,1.75747,4.44,5.28
TR_perfuserm_JobPreference_PageLoad,1,233,233,233,233,233,233,233,0.000%,2.24215,16.59,6.44
TR_perfusere_JobPreference_Save_ButtonClick,1,281,281,281,281,281,281,281,0.000%,1.93050,4.88,5.80
TR_perfusero_JobPreference_PageLoad,1,221,221,221,221,221,221,221,0.000%,2.20751,16.34,6.34
TR_perfuserl_JobPreference_PageLoad,1,218,218,218,218,218,218,218,0.000%,2.27273,16.82,6.53
TR_perfuserf_JobPreference_Save_ButtonClick,1,274,274,274,274,274,274,274,0.000%,1.96850,4.98,5.91
TR_perfuserg_JobPreference_Save_ButtonClick,1,261,261,261,261,261,261,261,0.000%,2.09644,5.30,6.30
TR_perfusern_JobPreference_PageLoad,1,234,234,234,234,234,234,234,0.000%,2.16450,16.02,6.22
TR_perfuserh_JobPreference_Save_ButtonClick,1,241,241,241,241,241,241,241,0.000%,2.05339,5.19,6.17
TR_perfuseri_JobPreference_Save_ButtonClick,1,251,251,251,251,251,251,251,0.000%,2.09205,5.29,6.28
TR_perfuserj_JobPreference_Save_ButtonClick,1,252,252,252,252,252,252,252,0.000%,2.04918,5.18,6.15
TR_perfuserk_JobPreference_Save_ButtonClick,1,248,248,248,248,248,248,248,0.000%,2.10084,5.31,6.31
TR_perfuserm_JobPreference_Save_ButtonClick,1,240,240,240,240,240,240,240,0.000%,2.13220,5.39,6.40
TR_perfuserl_JobPreference_Save_ButtonClick,1,274,274,274,274,274,274,274,0.000%,2.00803,5.08,6.03
TR_perfusero_JobPreference_Save_ButtonClick,1,290,290,290,290,290,290,290,0.000%,1.89394,4.79,5.69
TR_perfusern_JobPreference_Save_ButtonClick,1,263,263,263,263,263,263,263,0.000%,2.04082,5.16,6.13
TR_perfusera_AddAdditionalQty_PageLoad,1,369,369,369,369,369,369,369,0.000%,1.40252,13.69,5.96
TR_perfuserb_AddAdditionalQty_PageLoad,1,360,360,360,360,360,360,360,0.000%,1.40252,13.69,5.96
TR_perfusere_AddAdditionalQty_PageLoad,1,333,333,333,333,333,333,333,0.000%,1.46413,14.29,6.22
TR_perfuserd_AddAdditionalQty_PageLoad,1,360,360,360,360,360,360,360,0.000%,1.43062,13.96,6.08
TR_perfuserc_AddAdditionalQty_PageLoad,1,400,400,400,400,400,400,400,0.000%,1.35870,13.26,5.77
TR_perfuserf_AddAdditionalQty_PageLoad,1,346,346,346,346,346,346,346,0.000%,1.51286,14.76,6.43
TR_perfuserg_AddAdditionalQty_PageLoad,1,350,350,350,350,350,350,350,0.000%,1.43885,14.04,6.11
TR_perfuserh_AddAdditionalQty_PageLoad,1,325,325,325,325,325,325,325,0.000%,1.46843,14.33,6.24
TR_perfuseri_AddAdditionalQty_PageLoad,1,369,369,369,369,369,369,369,0.000%,1.39470,13.61,5.93
TR_perfuserj_AddAdditionalQty_PageLoad,1,354,354,354,354,354,354,354,0.000%,1.44092,14.06,6.12
TR_perfuserk_AddAdditionalQty_PageLoad,1,363,363,363,363,363,363,363,0.000%,1.38313,13.50,5.88
TR_perfusera_AddAdditionalQty_Submit_ButtonClick,1,289,289,289,289,289,289,289,0.000%,1.89753,5.87,7.23
TR_perfuserm_AddAdditionalQty_PageLoad,1,351,351,351,351,351,351,351,0.000%,1.43678,14.02,6.10
TR_perfuserb_AddAdditionalQty_Submit_ButtonClick,1,316,316,316,316,316,316,316,0.000%,1.82815,5.65,6.97
TR_perfuserd_AddAdditionalQty_Submit_ButtonClick,1,334,334,334,334,334,334,334,0.000%,1.81818,5.62,6.93
TR_perfuserc_AddAdditionalQty_Submit_ButtonClick,1,319,319,319,319,319,319,319,0.000%,1.81159,5.60,6.90
TR_perfuserf_AddAdditionalQty_Submit_ButtonClick,1,293,293,293,293,293,293,293,0.000%,1.88324,5.82,7.18
TR_perfusero_AddAdditionalQty_PageLoad,1,340,340,340,340,340,340,340,0.000%,1.44718,14.12,6.15
TR_perfuserl_AddAdditionalQty_PageLoad,1,385,385,385,385,385,385,385,0.000%,1.38313,13.50,5.88
TR_perfusere_AddAdditionalQty_Submit_ButtonClick,1,357,357,357,357,357,357,357,0.000%,1.72712,5.34,6.58
TR_perfusern_AddAdditionalQty_PageLoad,1,342,342,342,342,342,342,342,0.000%,1.43678,14.02,6.10
TR_perfuserg_AddAdditionalQty_Submit_ButtonClick,1,333,333,333,333,333,333,333,0.000%,1.79533,5.55,6.84
TR_perfuserh_AddAdditionalQty_Submit_ButtonClick,1,297,297,297,297,297,297,297,0.000%,1.90476,5.89,7.26
TR_perfuseri_AddAdditionalQty_Submit_ButtonClick,1,265,265,265,265,265,265,265,0.000%,1.96850,6.09,7.50
TR_perfuserj_AddAdditionalQty_Submit_ButtonClick,1,334,334,334,334,334,334,334,0.000%,1.81159,5.60,6.90
TR_perfuserk_AddAdditionalQty_Submit_ButtonClick,1,276,276,276,276,276,276,276,0.000%,2.05761,6.36,7.84
TR_perfuserm_AddAdditionalQty_Submit_ButtonClick,1,269,269,269,269,269,269,269,0.000%,2.00000,6.18,7.62
TR_perfusero_AddAdditionalQty_Submit_ButtonClick,1,269,269,269,269,269,269,269,0.000%,2.02429,6.26,7.72
TR_perfuserl_AddAdditionalQty_Submit_ButtonClick,1,300,300,300,300,300,300,300,0.000%,1.85185,5.73,7.06
TR_perfusern_AddAdditionalQty_Submit_ButtonClick,1,273,273,273,273,273,273,273,0.000%,1.93798,5.99,7.39
TR_perfusera_FabricProperties_PageLoad,1,401,401,401,401,401,401,401,0.000%,1.34409,20.91,5.81
TR_perfuserb_FabricProperties_PageLoad,1,372,372,372,372,372,372,372,0.000%,1.42857,22.22,6.17
TR_perfuserf_FabricProperties_PageLoad,1,378,378,378,378,378,378,378,0.000%,1.39665,21.73,6.03
TR_perfuserd_FabricProperties_PageLoad,1,397,397,397,397,397,397,397,0.000%,1.35870,21.14,5.87
TR_perfuserc_FabricProperties_PageLoad,1,397,397,397,397,397,397,397,0.000%,1.35135,21.02,5.84
TR_perfusere_FabricProperties_PageLoad,1,375,375,375,375,375,375,375,0.000%,1.36612,21.25,5.90
TR_perfuserg_FabricProperties_PageLoad,1,376,376,376,376,376,376,376,0.000%,1.36986,21.31,5.92
TR_perfuserh_FabricProperties_PageLoad,1,368,368,368,368,368,368,368,0.000%,1.38889,21.61,6.00
TR_perfuseri_FabricProperties_PageLoad,1,381,381,381,381,381,381,381,0.000%,1.39276,21.67,6.02
TR_perfuserj_FabricProperties_PageLoad,1,372,372,372,372,372,372,372,0.000%,1.38889,21.61,6.00
TR_perfuserk_FabricProperties_PageLoad,1,375,375,375,375,375,375,375,0.000%,1.41243,21.97,6.10
TR_perfusera_FabricProperties_ExcessCut_Save_ButtonClick,1,228,228,228,228,228,228,228,0.000%,2.21239,17.74,6.48
TR_perfuserb_FabricProperties_ExcessCut_Save_ButtonClick,1,227,227,227,227,227,227,227,0.000%,2.15983,17.32,6.33
TR_perfuserm_FabricProperties_PageLoad,1,389,389,389,389,389,389,389,0.000%,1.35318,21.05,5.85
TR_perfuserd_FabricProperties_ExcessCut_Save_ButtonClick,1,225,225,225,225,225,225,225,0.000%,2.29885,18.44,6.73
TR_perfuserf_FabricProperties_ExcessCut_Save_ButtonClick,1,235,235,235,235,235,235,235,0.000%,2.21729,17.78,6.50
TR_perfuserc_FabricProperties_ExcessCut_Save_ButtonClick,1,223,223,223,223,223,223,223,0.000%,2.22717,17.86,6.52
TR_perfusere_FabricProperties_ExcessCut_Save_ButtonClick,1,238,238,238,238,238,238,238,0.000%,2.15517,17.29,6.31
TR_perfusero_FabricProperties_PageLoad,1,376,376,376,376,376,376,376,0.000%,1.38696,21.58,5.99
TR_perfuserg_FabricProperties_ExcessCut_Save_ButtonClick,1,218,218,218,218,218,218,218,0.000%,2.19298,17.59,6.42
TR_perfuserl_FabricProperties_PageLoad,1,375,375,375,375,375,375,375,0.000%,1.40647,21.88,6.08
TR_perfuserh_FabricProperties_ExcessCut_Save_ButtonClick,1,228,228,228,228,228,228,228,0.000%,2.21729,17.78,6.50
TR_perfusern_FabricProperties_PageLoad,1,379,379,379,379,379,379,379,0.000%,1.40252,21.82,6.06
TR_perfuseri_FabricProperties_ExcessCut_Save_ButtonClick,1,243,243,243,243,243,243,243,0.000%,2.10970,16.92,6.18
TR_perfuserj_FabricProperties_ExcessCut_Save_ButtonClick,1,224,224,224,224,224,224,224,0.000%,2.18818,17.55,6.41
TR_perfuserk_FabricProperties_ExcessCut_Save_ButtonClick,1,228,228,228,228,228,228,228,0.000%,2.17391,17.44,6.37
TR_perfusera_FabricProperties_MaxPlies_Update_ButtonClick,1,265,265,265,265,265,265,265,0.000%,2.00401,6.39,5.76
TR_perfuserm_FabricProperties_ExcessCut_Save_ButtonClick,1,222,222,222,222,222,222,222,0.000%,2.27273,18.23,6.66
TR_perfuserd_FabricProperties_MaxPlies_Update_ButtonClick,1,241,241,241,241,241,241,241,0.000%,2.14133,6.83,6.16
TR_perfuserb_FabricProperties_MaxPlies_Update_ButtonClick,1,257,257,257,257,257,257,257,0.000%,2.03252,6.48,5.84
TR_perfuserf_FabricProperties_MaxPlies_Update_ButtonClick,1,263,263,263,263,263,263,263,0.000%,2.03666,6.49,5.86
TR_perfuserc_FabricProperties_MaxPlies_Update_ButtonClick,1,243,243,243,243,243,243,243,0.000%,2.09205,6.67,6.01
TR_perfusere_FabricProperties_MaxPlies_Update_ButtonClick,1,240,240,240,240,240,240,240,0.000%,2.16450,6.90,6.22
TR_perfusero_FabricProperties_ExcessCut_Save_ButtonClick,1,227,227,227,227,227,227,227,0.000%,2.18818,17.55,6.41
TR_perfuserg_FabricProperties_MaxPlies_Update_ButtonClick,1,239,239,239,239,239,239,239,0.000%,2.14133,6.83,6.16
TR_perfuserl_FabricProperties_ExcessCut_Save_ButtonClick,1,240,240,240,240,240,240,240,0.000%,2.11864,16.99,6.21
TR_perfusern_FabricProperties_ExcessCut_Save_ButtonClick,1,226,226,226,226,226,226,226,0.000%,2.22717,17.86,6.52
TR_perfuserh_FabricProperties_MaxPlies_Update_ButtonClick,1,258,258,258,258,258,258,258,0.000%,2.04082,6.51,5.87
TR_perfuseri_FabricProperties_MaxPlies_Update_ButtonClick,1,246,246,246,246,246,246,246,0.000%,2.02840,6.47,5.83
TR_perfuserj_FabricProperties_MaxPlies_Update_ButtonClick,1,240,240,240,240,240,240,240,0.000%,2.15054,6.85,6.18
TR_perfuserk_FabricProperties_MaxPlies_Update_ButtonClick,1,246,246,246,246,246,246,246,0.000%,2.13220,6.80,6.13
TR_perfuserm_FabricProperties_MaxPlies_Update_ButtonClick,1,241,241,241,241,241,241,241,0.000%,2.13675,6.81,6.14
TR_perfusero_FabricProperties_MaxPlies_Update_ButtonClick,1,247,247,247,247,247,247,247,0.000%,2.04082,6.51,5.87
TR_perfuserl_FabricProperties_MaxPlies_Update_ButtonClick,1,266,266,266,266,266,266,266,0.000%,2.00803,6.40,5.77
TR_perfusern_FabricProperties_MaxPlies_Update_ButtonClick,1,274,274,274,274,274,274,274,0.000%,2.00803,6.40,5.77
TR_perfusera_FabricProperties_EntermaxpliesAction_1,1,444,444,444,444,444,444,444,0.000%,1.09649,5.91,6.26
TR_perfuserd_FabricProperties_EntermaxpliesAction_1,1,450,450,450,450,450,450,450,0.000%,1.10132,5.93,6.28
TR_perfuserb_FabricProperties_EntermaxpliesAction_1,1,444,444,444,444,444,444,444,0.000%,1.09529,5.90,6.25
TR_perfuserf_FabricProperties_EntermaxpliesAction_1,1,468,468,468,468,468,468,468,0.000%,1.08108,5.83,6.17
TR_perfuserg_FabricProperties_EntermaxpliesAction_1,1,467,467,467,467,467,467,467,0.000%,1.07411,5.79,6.13
TR_perfuserc_FabricProperties_EntermaxpliesAction_1,1,570,570,570,570,570,570,570,0.000%,.97752,5.26,5.58
TR_perfuserh_FabricProperties_EntermaxpliesAction_1,1,481,481,481,481,481,481,481,0.000%,1.05374,5.68,6.01
TR_perfusere_FabricProperties_EntermaxpliesAction_1,1,572,572,572,572,572,572,572,0.000%,.94877,5.11,5.41
TR_perfuseri_FabricProperties_EntermaxpliesAction_1,1,460,460,460,460,460,460,460,0.000%,1.10375,5.95,6.30
TR_perfuserj_FabricProperties_EntermaxpliesAction_1,1,452,452,452,452,452,452,452,0.000%,1.10742,5.97,6.32
TR_perfuserk_FabricProperties_EntermaxpliesAction_1,1,453,453,453,453,453,453,453,0.000%,1.07181,5.78,6.11
TR_perfuserm_FabricProperties_EntermaxpliesAction_1,1,546,546,546,546,546,546,546,0.000%,1.00301,5.40,5.72
TR_perfusero_FabricProperties_EntermaxpliesAction_1,1,477,477,477,477,477,477,477,0.000%,1.06157,5.72,6.06
TR_perfusern_FabricProperties_EntermaxpliesAction_1,1,448,448,448,448,448,448,448,0.000%,1.08460,5.84,6.19
TR_perfuserl_FabricProperties_EntermaxpliesAction_1,1,449,449,449,449,449,449,449,0.000%,1.07411,5.78,6.13
TR_perfuserd_FabricProperties_EntermaxpliesAction_2,1,451,451,451,451,451,451,451,0.000%,1.11982,6.04,6.38
TR_perfusera_FabricProperties_EntermaxpliesAction_2,1,447,447,447,447,447,447,447,0.000%,1.08460,5.85,6.18
TR_perfuserb_FabricProperties_EntermaxpliesAction_2,1,432,432,432,432,432,432,432,0.000%,1.11359,6.01,6.34
TR_perfuserf_FabricProperties_EntermaxpliesAction_2,1,453,453,453,453,453,453,453,0.000%,1.08225,5.84,6.17
TR_perfuserg_FabricProperties_EntermaxpliesAction_2,1,446,446,446,446,446,446,446,0.000%,1.13122,6.11,6.44
TR_perfuserc_FabricProperties_EntermaxpliesAction_2,1,448,448,448,448,448,448,448,0.000%,1.09409,5.91,6.23
TR_perfusere_FabricProperties_EntermaxpliesAction_2,1,432,432,432,432,432,432,432,0.000%,1.09890,5.93,6.26
TR_perfuserh_FabricProperties_EntermaxpliesAction_2,1,554,554,554,554,554,554,554,0.000%,1.00100,5.40,5.70
TR_perfuseri_FabricProperties_EntermaxpliesAction_2,1,455,455,455,455,455,455,455,0.000%,1.09409,5.91,6.23
TR_perfuserj_FabricProperties_EntermaxpliesAction_2,1,466,466,466,466,466,466,466,0.000%,1.07875,5.82,6.15
TR_perfuserk_FabricProperties_EntermaxpliesAction_2,1,461,461,461,461,461,461,461,0.000%,1.06610,5.75,6.07
TR_perfuserm_FabricProperties_EntermaxpliesAction_2,1,456,456,456,456,456,456,456,0.000%,1.07991,5.83,6.15
TR_perfusero_FabricProperties_EntermaxpliesAction_2,1,454,454,454,454,454,454,454,0.000%,1.07411,5.80,6.12
TR_perfusern_FabricProperties_EntermaxpliesAction_2,1,442,442,442,442,442,442,442,0.000%,1.12360,6.06,6.40
TR_perfuserd_ComponentGroupAssigment_PageLoad,1,316,316,316,316,316,316,316,0.000%,1.50602,12.95,6.52
TR_perfusera_ComponentGroupAssigment_PageLoad,1,313,313,313,313,313,313,313,0.000%,1.50602,12.95,6.52
TR_perfuserb_ComponentGroupAssigment_PageLoad,1,323,323,323,323,323,323,323,0.000%,1.47275,12.67,6.38
TR_perfuserl_FabricProperties_EntermaxpliesAction_2,1,534,534,534,534,534,534,534,0.000%,1.02459,5.53,5.84
TR_perfuserf_ComponentGroupAssigment_PageLoad,1,320,320,320,320,320,320,320,0.000%,1.48588,12.78,6.43
TR_perfuserg_ComponentGroupAssigment_PageLoad,1,314,314,314,314,314,314,314,0.000%,1.49477,12.85,6.47
TR_perfuserc_ComponentGroupAssigment_PageLoad,1,318,318,318,318,318,318,318,0.000%,1.51976,13.07,6.58
TR_perfusere_ComponentGroupAssigment_PageLoad,1,312,312,312,312,312,312,312,0.000%,1.51745,13.05,6.57
TR_perfuserh_ComponentGroupAssigment_PageLoad,1,313,313,313,313,313,313,313,0.000%,1.53846,13.23,6.66
TR_perfuseri_ComponentGroupAssigment_PageLoad,1,316,316,316,316,316,316,316,0.000%,1.49925,12.89,6.49
TR_perfuserj_ComponentGroupAssigment_PageLoad,1,310,310,310,310,310,310,310,0.000%,1.53846,13.23,6.66
TR_perfuserk_ComponentGroupAssigment_PageLoad,1,314,314,314,314,314,314,314,0.000%,1.49254,12.84,6.46
TR_perfuserm_ComponentGroupAssigment_PageLoad,1,336,336,336,336,336,336,336,0.000%,1.46199,12.57,6.33
TR_perfusero_ComponentGroupAssigment_PageLoad,1,327,327,327,327,327,327,327,0.000%,1.47929,12.72,6.40
TR_perfusern_ComponentGroupAssigment_PageLoad,1,313,313,313,313,313,313,313,0.000%,1.49477,12.85,6.47
TR_perfuserl_ComponentGroupAssigment_PageLoad,1,321,321,321,321,321,321,321,0.000%,1.48148,12.74,6.41
TR_perfuserd_ComponentGroupAssigment_Save_ButtonClick,1,774,774,774,774,774,774,774,0.000%,.60643,7.40,6.62
TR_perfuserf_ComponentGroupAssigment_Save_ButtonClick,1,780,780,780,780,780,780,780,0.000%,.61275,7.47,6.69
TR_perfuserb_ComponentGroupAssigment_Save_ButtonClick,1,795,795,795,795,795,795,795,0.000%,.59524,7.26,6.50
TR_perfuserg_ComponentGroupAssigment_Save_ButtonClick,1,753,753,753,753,753,753,753,0.000%,.61767,7.53,6.74
TR_perfusera_ComponentGroupAssigment_Save_ButtonClick,1,858,858,858,858,858,858,858,0.000%,.57904,7.06,6.32
TR_perfusere_ComponentGroupAssigment_Save_ButtonClick,1,751,751,751,751,751,751,751,0.000%,.61767,7.53,6.74
TR_perfuserc_ComponentGroupAssigment_Save_ButtonClick,1,792,792,792,792,792,792,792,0.000%,.60132,7.33,6.56
TR_perfuserj_ComponentGroupAssigment_Save_ButtonClick,1,781,781,781,781,781,781,781,0.000%,.61125,7.46,6.67
TR_perfuserh_ComponentGroupAssigment_Save_ButtonClick,1,811,811,811,811,811,811,811,0.000%,.59988,7.32,6.55
TR_perfuseri_ComponentGroupAssigment_Save_ButtonClick,1,799,799,799,799,799,799,799,0.000%,.60241,7.35,6.58
TR_perfuserk_ComponentGroupAssigment_Save_ButtonClick,1,767,767,767,767,767,767,767,0.000%,.61690,7.53,6.73
TR_perfusern_ComponentGroupAssigment_Save_ButtonClick,1,786,786,786,786,786,786,786,0.000%,.60606,7.39,6.62
TR_perfusero_ComponentGroupAssigment_Save_ButtonClick,1,773,773,773,773,773,773,773,0.000%,.60423,7.37,6.60
TR_perfuserm_ComponentGroupAssigment_Save_ButtonClick,1,860,860,860,860,860,860,860,0.000%,.58411,7.12,6.38
TR_perfuserl_ComponentGroupAssigment_Save_ButtonClick,1,763,763,763,763,763,763,763,0.000%,.61805,7.54,6.75
TR_perfuserd_ComponentGroupAssigment_Search_ButtonClick (Swap),1,546,546,546,546,546,546,546,0.000%,.87796,7.04,6.41
TR_perfuserb_ComponentGroupAssigment_Search_ButtonClick (Swap),1,550,550,550,550,550,550,550,0.000%,.88183,7.07,6.43
TR_perfuserg_ComponentGroupAssigment_Search_ButtonClick (Swap),1,548,548,548,548,548,548,548,0.000%,.89286,7.16,6.51
TR_perfuserf_ComponentGroupAssigment_Search_ButtonClick (Swap),1,565,565,565,565,565,565,565,0.000%,.86806,6.96,6.33
TR_perfusera_ComponentGroupAssigment_Search_ButtonClick (Swap),1,541,541,541,541,541,541,541,0.000%,.87951,7.05,6.42
TR_perfuserc_ComponentGroupAssigment_Search_ButtonClick (Swap),1,548,548,548,548,548,548,548,0.000%,.89366,7.17,6.52
TR_perfusere_ComponentGroupAssigment_Search_ButtonClick (Swap),1,625,625,625,625,625,625,625,0.000%,.82169,6.59,5.99
TR_perfuserh_ComponentGroupAssigment_Search_ButtonClick (Swap),1,540,540,540,540,540,540,540,0.000%,.89526,7.18,6.53
TR_perfuserj_ComponentGroupAssigment_Search_ButtonClick (Swap),1,551,551,551,551,551,551,551,0.000%,.88968,7.14,6.49
TR_perfuseri_ComponentGroupAssigment_Search_ButtonClick (Swap),1,520,520,520,520,520,520,520,0.000%,.89526,7.18,6.53
TR_perfuserk_ComponentGroupAssigment_Search_ButtonClick (Swap),1,628,628,628,628,628,628,628,0.000%,.83195,6.67,6.07
TR_perfusern_ComponentGroupAssigment_Search_ButtonClick (Swap),1,545,545,545,545,545,545,545,0.000%,.88028,7.06,6.42
TR_perfusero_ComponentGroupAssigment_Search_ButtonClick (Swap),1,558,558,558,558,558,558,558,0.000%,.86957,6.97,6.34
TR_perfuserm_ComponentGroupAssigment_Search_ButtonClick (Swap),1,538,538,538,538,538,538,538,0.000%,.87951,7.05,6.42
TR_perfuserl_ComponentGroupAssigment_Search_ButtonClick (Swap),1,527,527,527,527,527,527,527,0.000%,.89606,7.19,6.54
TR_perfuserd_SubPOCreation_PageLoad,1,470,470,470,470,470,470,470,0.000%,1.07411,11.82,6.22
TR_perfuserg_SubPOCreation_PageLoad,1,447,447,447,447,447,447,447,0.000%,1.11857,12.31,6.48
TR_perfuserb_SubPOCreation_PageLoad,1,477,477,477,477,477,477,477,0.000%,1.07875,11.87,6.25
TR_perfuserf_SubPOCreation_PageLoad,1,473,473,473,473,473,473,473,0.000%,1.06045,11.67,6.15
TR_perfusera_SubPOCreation_PageLoad,1,476,476,476,476,476,476,476,0.000%,1.05708,11.63,6.13
TR_perfuserc_SubPOCreation_PageLoad,1,457,457,457,457,457,457,457,0.000%,1.09409,12.04,6.34
TR_perfusere_SubPOCreation_PageLoad,1,475,475,475,475,475,475,475,0.000%,1.06838,11.76,6.19
TR_perfuserh_SubPOCreation_PageLoad,1,471,471,471,471,471,471,471,0.000%,1.06157,11.68,6.15
TR_perfuserj_SubPOCreation_PageLoad,1,472,472,472,472,472,472,472,0.000%,1.06724,11.74,6.18
TR_perfuseri_SubPOCreation_PageLoad,1,557,557,557,557,557,557,557,0.000%,.99010,10.89,5.74
TR_perfuserk_SubPOCreation_PageLoad,1,458,458,458,458,458,458,458,0.000%,1.07991,11.88,6.26
TR_perfusern_SubPOCreation_PageLoad,1,479,479,479,479,479,479,479,0.000%,1.06383,11.71,6.16
TR_perfuserm_SubPOCreation_PageLoad,1,488,488,488,488,488,488,488,0.000%,1.06496,11.72,6.17
TR_perfuserl_SubPOCreation_PageLoad,1,470,470,470,470,470,470,470,0.000%,1.08932,11.99,6.31
TR_perfusero_SubPOCreation_PageLoad,1,587,587,587,587,587,587,587,0.000%,.96154,10.58,5.57
TR_perfuserd_SubPOCreation_forProductionOrder,1,771,771,771,771,771,771,771,0.000%,.71276,7.76,5.25
TR_perfuserc_SubPOCreation_forProductionOrder,1,694,694,694,694,694,694,694,0.000%,.75643,8.23,5.57
TR_perfusere_SubPOCreation_forProductionOrder,1,778,778,778,778,778,778,778,0.000%,.72674,7.91,5.36
TR_perfuserk_SubPOCreation_forProductionOrder,1,723,723,723,723,723,723,723,0.000%,.73855,8.04,5.44
TR_perfusern_SubPOCreation_forProductionOrder,1,780,780,780,780,780,780,780,0.000%,.70972,7.72,5.23
TR_perfuserb_SubPOCreation_forProductionOrder,1,1681,1681,1681,1681,1681,1681,1681,0.000%,.43234,4.70,3.19
TR_perfuserg_SubPOCreation_forProductionOrder,1,1848,1848,1848,1848,1848,1848,1848,0.000%,.40437,4.40,2.98
TR_perfuserd_SubPORatio_PageLoad,1,572,572,572,572,572,572,572,0.000%,.87108,11.98,6.21
TR_perfuserj_SubPOCreation_forProductionOrder,1,1708,1708,1708,1708,1708,1708,1708,0.000%,.42319,4.61,3.12
TR_perfuseri_SubPOCreation_forProductionOrder,1,1795,1795,1795,1795,1795,1795,1795,0.000%,.41374,4.50,3.05
TR_perfuserc_SubPORatio_PageLoad,1,777,777,777,777,777,777,777,0.000%,.74074,10.18,5.28
TR_perfusere_SubPORatio_PageLoad,1,582,582,582,582,582,582,582,0.000%,.85106,11.70,6.07
TR_perfuserl_SubPOCreation_forProductionOrder,1,1627,1627,1627,1627,1627,1627,1627,0.000%,.44366,4.83,3.27
TR_perfuserk_SubPORatio_PageLoad,1,633,633,633,633,633,633,633,0.000%,.85324,11.73,6.09
TR_perfuserm_SubPOCreation_forProductionOrder,1,1856,1856,1856,1856,1856,1856,1856,0.000%,.40469,4.40,2.98
TR_perfusern_SubPORatio_PageLoad,1,559,559,559,559,559,559,559,0.000%,.88261,12.14,6.30
TR_perfuserb_SubPORatio_PageLoad,1,601,601,601,601,601,601,601,0.000%,.85397,11.74,6.09
TR_perfuserf_SubPOCreation_forProductionOrder,1,2906,2906,2906,2906,2906,2906,2906,0.000%,.28106,3.06,2.07
TR_perfuserj_SubPORatio_PageLoad,1,561,561,561,561,561,561,561,0.000%,.88889,12.22,6.34
TR_perfuserg_SubPORatio_PageLoad,1,707,707,707,707,707,707,707,0.000%,.77700,10.68,5.54
TR_perfuseri_SubPORatio_PageLoad,1,574,574,574,574,574,574,574,0.000%,.87719,12.06,6.26
TR_perfusero_SubPOCreation_forProductionOrder,1,2573,2573,2573,2573,2573,2573,2573,0.000%,.31075,3.38,2.29
TR_perfuserl_SubPORatio_PageLoad,1,569,569,569,569,569,569,569,0.000%,.88731,12.20,6.33
TR_perfuserm_SubPORatio_PageLoad,1,575,575,575,575,575,575,575,0.000%,.86957,11.96,6.20
TR_perfusera_SubPOCreation_forProductionOrder,1,3829,3829,3829,3829,3829,3829,3829,0.000%,.22411,2.44,1.65
TR_perfuserf_SubPORatio_PageLoad,1,581,581,581,581,581,581,581,0.000%,.86730,11.92,6.19
TR_perfuserd_SubPORatio_SubPO_FillRatio_R1,1,1211,1211,1211,1211,1211,1211,1211,0.000%,.40733,4.86,6.30
TR_perfusero_SubPORatio_PageLoad,1,577,577,577,577,577,577,577,0.000%,.85690,11.78,6.11
TR_perfuserc_SubPORatio_SubPO_FillRatio_R1,1,1229,1229,1229,1229,1229,1229,1229,0.000%,.40650,4.85,6.28
TR_perfusere_SubPORatio_SubPO_FillRatio_R1,1,1210,1210,1210,1210,1210,1210,1210,0.000%,.40177,4.79,6.21
TR_perfuserk_SubPORatio_SubPO_FillRatio_R1,1,1212,1212,1212,1212,1212,1212,1212,0.000%,.41102,4.90,6.35
TR_perfuserd_SubPORatio_SubPO_AddRatio_R1,1,351,351,351,351,351,351,351,0.000%,1.56740,9.77,5.24
TR_perfusern_SubPORatio_SubPO_FillRatio_R1,1,1271,1271,1271,1271,1271,1271,1271,0.000%,.39339,4.69,6.08
TR_perfuserh_SubPOCreation_forProductionOrder,1,4836,4836,4836,4836,4836,4836,4836,0.000%,.18365,2.00,1.35
TR_perfusera_SubPORatio_PageLoad,1,628,628,628,628,628,628,628,0.000%,.84674,11.64,6.04
TR_perfuserc_SubPORatio_SubPO_AddRatio_R1,1,342,342,342,342,342,342,342,0.000%,1.58983,9.91,5.32
TR_perfuserb_SubPORatio_SubPO_FillRatio_R1,1,1198,1198,1198,1198,1198,1198,1198,0.000%,.40502,4.83,6.26
TR_perfusere_SubPORatio_SubPO_AddRatio_R1,1,582,582,582,582,582,582,582,0.000%,1.16279,7.25,3.89
TR_perfuserk_SubPORatio_SubPO_AddRatio_R1,1,473,473,473,473,473,473,473,0.000%,1.35135,8.42,4.52
TR_perfuserj_SubPORatio_SubPO_FillRatio_R1,1,1213,1213,1213,1213,1213,1213,1213,0.000%,.40866,4.88,6.32
TR_perfuserg_SubPORatio_SubPO_FillRatio_R1,1,1270,1270,1270,1270,1270,1270,1270,0.000%,.39526,4.72,6.11
TR_perfusern_SubPORatio_SubPO_AddRatio_R1,1,382,382,382,382,382,382,382,0.000%,1.51286,9.43,5.06
TR_perfuseri_SubPORatio_SubPO_FillRatio_R1,1,1253,1253,1253,1253,1253,1253,1253,0.000%,.40274,4.81,6.23
TR_perfuserb_SubPORatio_SubPO_AddRatio_R1,1,340,340,340,340,340,340,340,0.000%,1.59490,9.94,5.33
TR_perfuserl_SubPORatio_SubPO_FillRatio_R1,1,1383,1383,1383,1383,1383,1383,1383,0.000%,.38432,4.58,5.94
TR_perfuserm_SubPORatio_SubPO_FillRatio_R1,1,1353,1353,1353,1353,1353,1353,1353,0.000%,.38432,4.59,5.94
TR_perfuserh_SubPORatio_PageLoad,1,851,851,851,851,851,851,851,0.000%,.70972,9.76,5.06
TR_perfuserj_SubPORatio_SubPO_AddRatio_R1,1,700,700,700,700,700,700,700,0.000%,1.03520,6.45,3.46
TR_perfuserf_SubPORatio_SubPO_FillRatio_R1,1,1445,1445,1445,1445,1445,1445,1445,0.000%,.37383,4.46,5.78
TR_perfuserg_SubPORatio_SubPO_AddRatio_R1,1,1145,1145,1145,1145,1145,1145,1145,0.000%,.70822,4.42,2.37
TR_perfuserl_SubPORatio_SubPO_AddRatio_R1,1,836,836,836,836,836,836,836,0.000%,.90580,5.65,3.03
TR_perfuseri_SubPORatio_SubPO_AddRatio_R1,1,1076,1076,1076,1076,1076,1076,1076,0.000%,.73964,4.61,2.47
TR_perfuserm_SubPORatio_SubPO_AddRatio_R1,1,607,607,607,607,607,607,607,0.000%,1.12740,7.03,3.77
TR_perfusero_SubPORatio_SubPO_FillRatio_R1,1,1405,1405,1405,1405,1405,1405,1405,0.000%,.37807,4.51,5.84
TR_perfuserf_SubPORatio_SubPO_AddRatio_R1,1,368,368,368,368,368,368,368,0.000%,1.62338,10.12,5.43
TR_perfuserd_SubPORatio_SubPO_FillRatio_R2,1,1504,1504,1504,1504,1504,1504,1504,0.000%,.37922,4.34,5.62
TR_perfusero_SubPORatio_SubPO_AddRatio_R1,1,374,374,374,374,374,374,374,0.000%,1.53374,9.56,5.13
TR_perfusera_SubPORatio_SubPO_FillRatio_R1,1,1463,1463,1463,1463,1463,1463,1463,0.000%,.37051,4.42,5.73
TR_perfuserc_SubPORatio_SubPO_FillRatio_R2,1,1396,1396,1396,1396,1396,1396,1396,0.000%,.39032,4.47,5.79
TR_perfusere_SubPORatio_SubPO_FillRatio_R2,1,1326,1326,1326,1326,1326,1326,1326,0.000%,.40209,4.60,5.96
TR_perfuserk_SubPORatio_SubPO_FillRatio_R2,1,1368,1368,1368,1368,1368,1368,1368,0.000%,.39793,4.55,5.90
TR_perfusern_SubPORatio_SubPO_FillRatio_R2,1,1240,1240,1240,1240,1240,1240,1240,0.000%,.41597,4.76,6.17
TR_perfuserd_SubPORatio_SubPO_AddRatio_R2,1,424,424,424,424,424,424,424,0.000%,1.55521,10.66,5.20
TR_perfuserb_SubPORatio_SubPO_FillRatio_R2,1,1205,1205,1205,1205,1205,1205,1205,0.000%,.41824,4.79,6.20
TR_perfuserc_SubPORatio_SubPO_AddRatio_R2,1,387,387,387,387,387,387,387,0.000%,1.65563,11.35,5.54
TR_perfusera_SubPORatio_SubPO_AddRatio_R1,1,544,544,544,544,544,544,544,0.000%,1.20482,7.51,4.03
TR_perfuserk_SubPORatio_SubPO_AddRatio_R2,1,350,350,350,350,350,350,350,0.000%,1.73611,11.90,5.81
TR_perfusere_SubPORatio_SubPO_AddRatio_R2,1,459,459,459,459,459,459,459,0.000%,1.49477,10.24,5.00
TR_perfusern_SubPORatio_SubPO_AddRatio_R2,1,387,387,387,387,387,387,387,0.000%,1.62338,11.13,5.43
TR_perfuserb_SubPORatio_SubPO_AddRatio_R2,1,321,321,321,321,321,321,321,0.000%,1.85185,12.69,6.19
TR_perfuserj_SubPORatio_SubPO_FillRatio_R2,1,1236,1236,1236,1236,1236,1236,1236,0.000%,.41511,4.75,6.16
TR_perfuserh_SubPORatio_SubPO_FillRatio_R1,1,1375,1375,1375,1375,1375,1375,1375,0.000%,.39078,4.66,6.04
TR_perfuserg_SubPORatio_SubPO_FillRatio_R2,1,1241,1241,1241,1241,1241,1241,1241,0.000%,.41719,4.77,6.19
TR_perfuserl_SubPORatio_SubPO_FillRatio_R2,1,1290,1290,1290,1290,1290,1290,1290,0.000%,.41135,4.71,6.10
TR_perfuserd_SubPOMarker_Pageload,1,690,690,690,690,690,690,690,0.000%,.79681,10.80,5.56
TR_perfuserm_SubPORatio_SubPO_FillRatio_R2,1,1276,1276,1276,1276,1276,1276,1276,0.000%,.40900,4.68,6.07
TR_perfuserj_SubPORatio_SubPO_AddRatio_R2,1,400,400,400,400,400,400,400,0.000%,1.60772,11.02,5.38
TR_perfuseri_SubPORatio_SubPO_FillRatio_R2,1,1329,1329,1329,1329,1329,1329,1329,0.000%,.39698,4.54,5.89
TR_perfuserh_SubPORatio_SubPO_AddRatio_R1,1,331,331,331,331,331,331,331,0.000%,1.64745,10.27,5.51
TR_perfuserc_SubPOMarker_Pageload,1,710,710,710,710,710,710,710,0.000%,.79808,10.82,5.57
TR_perfuserk_SubPOMarker_Pageload,1,650,650,650,650,650,650,650,0.000%,.82237,11.15,5.74
TR_perfusere_SubPOMarker_Pageload,1,667,667,667,667,667,667,667,0.000%,.83682,11.34,5.84
TR_perfuserf_SubPORatio_SubPO_FillRatio_R2,1,1317,1317,1317,1317,1317,1317,1317,0.000%,.40241,4.60,5.97
TR_perfusern_SubPOMarker_Pageload,1,649,649,649,649,649,649,649,0.000%,.83264,11.29,5.81
TR_perfuserg_SubPORatio_SubPO_AddRatio_R2,1,354,354,354,354,354,354,354,0.000%,1.70940,11.72,5.72
TR_perfuserb_SubPOMarker_Pageload,1,604,604,604,604,604,604,604,0.000%,.86806,11.77,6.06
TR_perfuserm_SubPORatio_SubPO_AddRatio_R2,1,403,403,403,403,403,403,403,0.000%,1.62338,11.13,5.43
TR_perfuserl_SubPORatio_SubPO_AddRatio_R2,1,441,441,441,441,441,441,441,0.000%,1.53846,10.54,5.14
TR_perfuserd_SubPOMarker_Versions1_Save_Button_Click,1,454,454,454,454,454,454,454,0.000%,1.47493,6.34,4.48
TR_perfusero_SubPORatio_SubPO_FillRatio_R2,1,1285,1285,1285,1285,1285,1285,1285,0.000%,.40617,4.65,6.02
TR_perfuserc_SubPOMarker_Versions1_Save_Button_Click,1,388,388,388,388,388,388,388,0.000%,1.66113,7.15,5.05
TR_perfuseri_SubPORatio_SubPO_AddRatio_R2,1,452,452,452,452,452,452,452,0.000%,1.47493,10.11,4.93
TR_perfusere_SubPOMarker_Versions1_Save_Button_Click,1,916,916,916,916,916,916,916,0.000%,.86957,3.74,2.64
TR_perfusern_SubPOMarker_Versions1_Save_Button_Click,1,865,865,865,865,865,865,865,0.000%,.91996,3.96,2.79
TR_perfuserk_SubPOMarker_Versions1_Save_Button_Click,1,980,980,980,980,980,980,980,0.000%,.83126,3.58,2.53
TR_perfusera_SubPORatio_SubPO_FillRatio_R2,1,1486,1486,1486,1486,1486,1486,1486,0.000%,.37850,4.33,5.61
TR_perfuserf_SubPORatio_SubPO_AddRatio_R2,1,1097,1097,1097,1097,1097,1097,1097,0.000%,.75245,5.16,2.52
TR_perfuserb_SubPOMarker_Versions1_Save_Button_Click,1,1012,1012,1012,1012,1012,1012,1012,0.000%,.80580,3.47,2.45
TR_perfuserc_SubPOMarker_Versions2_Save_Button_Click,1,874,874,874,874,874,874,874,0.000%,.91158,4.51,2.77
TR_perfuserg_SubPOMarker_Pageload,1,762,762,762,762,762,762,762,0.000%,.76104,10.31,5.31
TR_perfuserj_SubPOMarker_Pageload,1,1291,1291,1291,1291,1291,1291,1291,0.000%,.54230,7.35,3.79
TR_perfuserl_SubPOMarker_Pageload,1,704,704,704,704,704,704,704,0.000%,.78125,10.59,5.46
TR_perfuserm_SubPOMarker_Pageload,1,722,722,722,722,722,722,722,0.000%,.78125,10.59,5.46
TR_perfuserd_SubPOMarker_Versions2_Save_Button_Click,1,1087,1087,1087,1087,1087,1087,1087,0.000%,.76336,3.78,2.32
TR_perfuseri_SubPOMarker_Pageload,1,668,668,668,668,668,668,668,0.000%,.81367,11.03,5.68
TR_perfuserk_SubPOMarker_Versions2_Save_Button_Click,1,392,392,392,392,392,392,392,0.000%,1.62338,8.03,4.93
TR_perfusero_SubPORatio_SubPO_AddRatio_R2,1,1209,1209,1209,1209,1209,1209,1209,0.000%,.69881,4.79,2.34
TR_perfusere_SubPOMarker_Versions2_Save_Button_Click,1,461,461,461,461,461,461,461,0.000%,1.47275,7.29,4.47
TR_perfusern_SubPOMarker_Versions2_Save_Button_Click,1,441,441,441,441,441,441,441,0.000%,1.49477,7.40,4.54
TR_perfuserc_MarkerSummary_PageLoad,1,270,270,270,270,270,270,270,0.000%,2.01613,14.99,5.88
TR_perfusera_SubPORatio_SubPO_AddRatio_R2,1,411,411,411,411,411,411,411,0.000%,1.62866,11.16,5.45
TR_perfuserb_SubPOMarker_Versions2_Save_Button_Click,1,434,434,434,434,434,434,434,0.000%,1.49925,7.42,4.55
TR_perfuserj_SubPOMarker_Versions1_Save_Button_Click,1,372,372,372,372,372,372,372,0.000%,1.70940,7.36,5.19
TR_perfuserg_SubPOMarker_Versions1_Save_Button_Click,1,401,401,401,401,401,401,401,0.000%,1.61551,6.95,4.91
TR_perfuserd_MarkerSummary_PageLoad,1,283,283,283,283,283,283,283,0.000%,1.99203,14.81,5.80
TR_perfuserm_SubPOMarker_Versions1_Save_Button_Click,1,351,351,351,351,351,351,351,0.000%,1.69205,7.28,5.14
TR_perfuserl_SubPOMarker_Versions1_Save_Button_Click,1,397,397,397,397,397,397,397,0.000%,1.62338,6.98,4.93
TR_perfuserc_MarkerSummary_SubPo_Load,1,165,165,165,165,165,165,165,0.000%,3.62319,9.26,5.07
TR_perfusere_MarkerSummary_PageLoad,1,279,279,279,279,279,279,279,0.000%,2.00401,14.90,5.84
TR_perfusern_MarkerSummary_PageLoad,1,256,256,256,256,256,256,256,0.000%,2.01613,14.99,5.88
TR_perfuserk_MarkerSummary_PageLoad,1,321,321,321,321,321,321,321,0.000%,1.80832,13.45,5.27
TR_perfuseri_SubPOMarker_Versions1_Save_Button_Click,1,473,473,473,473,473,473,473,0.000%,1.45560,6.26,4.42
TR_perfuserh_SubPORatio_SubPO_FillRatio_R2,1,1559,1559,1559,1559,1559,1559,1559,0.000%,.36697,4.20,5.44
TR_perfuserd_MarkerSummary_SubPo_Load,1,261,261,261,261,261,261,261,0.000%,2.60417,6.65,3.64
TR_perfuserb_MarkerSummary_PageLoad,1,259,259,259,259,259,259,259,0.000%,2.09644,15.59,6.11
TR_perfusern_MarkerSummary_SubPo_Load,1,310,310,310,310,310,310,310,0.000%,2.50627,6.41,3.50
TR_perfusere_MarkerSummary_SubPo_Load,1,346,346,346,346,346,346,346,0.000%,2.22717,5.69,3.11
TR_perfuserf_SubPOMarker_Pageload,1,873,873,873,873,873,873,873,0.000%,.70126,9.50,4.90
TR_perfuserl_SubPOMarker_Versions2_Save_Button_Click,1,387,387,387,387,387,387,387,0.000%,1.61031,7.97,4.89
TR_perfuserk_MarkerSummary_SubPo_Load,1,377,377,377,377,377,377,377,0.000%,2.05761,5.26,2.88
TR_perfuserg_SubPOMarker_Versions2_Save_Button_Click,1,491,491,491,491,491,491,491,0.000%,1.41643,7.01,4.30
TR_perfuserj_SubPOMarker_Versions2_Save_Button_Click,1,881,881,881,881,881,881,881,0.000%,.91158,4.51,2.77
TR_perfuserg_MarkerSummary_PageLoad,1,387,387,387,387,387,387,387,0.000%,1.67504,12.45,4.88
TR_perfuserm_SubPOMarker_Versions2_Save_Button_Click,1,1090,1090,1090,1090,1090,1090,1090,0.000%,.75358,3.73,2.29
TR_perfuseri_SubPOMarker_Versions2_Save_Button_Click,1,951,951,951,951,951,951,951,0.000%,.85690,4.24,2.60
TR_perfusero_SubPOMarker_Pageload,1,1147,1147,1147,1147,1147,1147,1147,0.000%,.58548,7.94,4.09
TR_perfuserl_MarkerSummary_PageLoad,1,519,519,519,519,519,519,519,0.000%,1.32979,9.89,3.88
TR_perfuserb_MarkerSummary_SubPo_Load,1,943,943,943,943,943,943,943,0.000%,.93545,2.39,1.31
TR_perfuserg_MarkerSummary_SubPo_Load,1,209,209,209,209,209,209,209,0.000%,3.01205,7.69,4.21
TR_perfuserj_MarkerSummary_PageLoad,1,333,333,333,333,333,333,333,0.000%,1.80180,13.40,5.25
TR_perfuserc_PackingList_PageLoad,1,934,934,934,934,934,934,934,0.000%,.65746,8.24,4.76
TR_perfuserl_MarkerSummary_SubPo_Load,1,185,185,185,185,185,185,185,0.000%,3.41297,8.72,4.77
TR_perfusera_SubPOMarker_Pageload,1,1316,1316,1316,1316,1316,1316,1316,0.000%,.53419,7.24,3.73
TR_perfuserd_PackingList_PageLoad,1,795,795,795,795,795,795,795,0.000%,.74850,9.38,5.41
TR_perfuserf_SubPOMarker_Versions1_Save_Button_Click,1,849,849,849,849,849,849,849,0.000%,.94073,4.05,2.86
TR_perfuseri_MarkerSummary_PageLoad,1,259,259,259,259,259,259,259,0.000%,2.11864,15.75,6.17
TR_perfuserm_MarkerSummary_PageLoad,1,270,270,270,270,270,270,270,0.000%,2.05761,15.30,6.00
TR_perfuserh_SubPORatio_SubPO_AddRatio_R2,1,1304,1304,1304,1304,1304,1304,1304,0.000%,.65445,4.49,2.19
TR_perfuserj_MarkerSummary_SubPo_Load,1,170,170,170,170,170,170,170,0.000%,3.48432,8.90,4.87
TR_perfusero_SubPOMarker_Versions1_Save_Button_Click,1,350,350,350,350,350,350,350,0.000%,1.71527,7.38,5.21
TR_perfusern_PackingList_PageLoad,1,879,879,879,879,879,879,879,0.000%,.68166,8.54,4.93
TR_perfuserk_PackingList_PageLoad,1,852,852,852,852,852,852,852,0.000%,.71073,8.90,5.14
TR_perfusere_PackingList_PageLoad,1,891,891,891,891,891,891,891,0.000%,.67751,8.49,4.90
TR_perfuseri_MarkerSummary_SubPo_Load,1,169,169,169,169,169,169,169,0.000%,3.63636,9.29,5.09
TR_perfuserc_GenerateDockets_PageLoad,1,243,243,243,243,243,243,243,0.000%,2.12314,15.79,6.19
TR_perfuserm_MarkerSummary_SubPo_Load,1,176,176,176,176,176,176,176,0.000%,3.58423,9.16,5.01
TR_perfuserd_GenerateDockets_PageLoad,1,266,266,266,266,266,266,266,0.000%,2.05761,15.30,6.00
TR_perfuserf_SubPOMarker_Versions2_Save_Button_Click,1,298,298,298,298,298,298,298,0.000%,1.91571,9.48,5.82
TR_perfusera_SubPOMarker_Versions1_Save_Button_Click,1,352,352,352,352,352,352,352,0.000%,1.70358,7.32,5.18
TR_perfuserc_GenerateDockets_SubPo_Load,1,161,161,161,161,161,161,161,0.000%,3.77358,7.11,5.40
TR_perfuserd_GenerateDockets_SubPo_Load,1,109,109,109,109,109,109,109,0.000%,4.52489,8.52,6.48
TR_perfusero_SubPOMarker_Versions2_Save_Button_Click,1,329,329,329,329,329,329,329,0.000%,1.73010,8.56,5.26
TR_perfusern_GenerateDockets_PageLoad,1,252,252,252,252,252,252,252,0.000%,2.08768,15.52,6.08
TR_perfusere_GenerateDockets_PageLoad,1,288,288,288,288,288,288,288,0.000%,1.96464,14.61,5.73
TR_perfuserk_GenerateDockets_PageLoad,1,345,345,345,345,345,345,345,0.000%,1.76991,13.15,5.16
TR_perfuserf_MarkerSummary_PageLoad,1,244,244,244,244,244,244,244,0.000%,2.04499,15.21,5.96
TR_perfuserb_PackingList_PageLoad,1,718,718,718,718,718,718,718,0.000%,.79051,9.90,5.72
TR_perfusern_GenerateDockets_SubPo_Load,1,144,144,144,144,144,144,144,0.000%,3.93701,7.42,5.64
TR_perfuserg_PackingList_PageLoad,1,623,623,623,623,623,623,623,0.000%,.84746,10.62,6.13
TR_perfusere_GenerateDockets_SubPo_Load,1,113,113,113,113,113,113,113,0.000%,4.23729,7.98,6.07
TR_perfuserk_GenerateDockets_SubPo_Load,1,116,116,116,116,116,116,116,0.000%,4.46429,8.41,6.39
TR_perfuserl_PackingList_PageLoad,1,613,613,613,613,613,613,613,0.000%,.85470,10.71,6.18
TR_perfusera_SubPOMarker_Versions2_Save_Button_Click,1,379,379,379,379,379,379,379,0.000%,1.62075,8.02,4.92
TR_perfusero_MarkerSummary_PageLoad,1,223,223,223,223,223,223,223,0.000%,2.20264,16.38,6.42
TR_perfuserf_MarkerSummary_SubPo_Load,1,139,139,139,139,139,139,139,0.000%,3.92157,10.02,5.48
TR_perfuserh_SubPOMarker_Pageload,1,566,566,566,566,566,566,566,0.000%,.88028,11.93,6.15
TR_perfuserj_PackingList_PageLoad,1,604,604,604,604,604,604,604,0.000%,.84818,10.63,6.14
TR_perfuserb_GenerateDockets_PageLoad,1,217,217,217,217,217,217,217,0.000%,2.24215,16.67,6.53
TR_perfuserg_GenerateDockets_PageLoad,1,224,224,224,224,224,224,224,0.000%,2.24215,16.67,6.53
TR_perfusero_MarkerSummary_SubPo_Load,1,165,165,165,165,165,165,165,0.000%,3.49650,8.94,4.89
TR_perfuseri_PackingList_PageLoad,1,579,579,579,579,579,579,579,0.000%,.86059,10.78,6.23
TR_perfuserm_PackingList_PageLoad,1,592,592,592,592,592,592,592,0.000%,.86730,10.86,6.27
TR_perfuserl_GenerateDockets_PageLoad,1,229,229,229,229,229,229,229,0.000%,2.17865,16.20,6.35
TR_perfusera_MarkerSummary_PageLoad,1,237,237,237,237,237,237,237,0.000%,2.12766,15.82,6.20
TR_perfuserb_GenerateDockets_SubPo_Load,1,126,126,126,126,126,126,126,0.000%,4.16667,7.85,5.97
TR_perfuserg_GenerateDockets_SubPo_Load,1,117,117,117,117,117,117,117,0.000%,4.18410,7.88,5.99
TR_perfuserh_SubPOMarker_Versions1_Save_Button_Click,1,312,312,312,312,312,312,312,0.000%,1.89394,8.15,5.75
TR_perfuserl_GenerateDockets_SubPo_Load,1,110,110,110,110,110,110,110,0.000%,4.46429,8.41,6.39
TR_perfuserj_GenerateDockets_PageLoad,1,331,331,331,331,331,331,331,0.000%,1.77305,13.17,5.17
TR_perfusera_MarkerSummary_SubPo_Load,1,148,148,148,148,148,148,148,0.000%,3.86100,9.86,5.40
TR_perfuseri_GenerateDockets_PageLoad,1,236,236,236,236,236,236,236,0.000%,2.15983,16.06,6.29
TR_perfuserm_GenerateDockets_PageLoad,1,236,236,236,236,236,236,236,0.000%,2.13675,15.89,6.23
TR_perfuserj_GenerateDockets_SubPo_Load,1,117,117,117,117,117,117,117,0.000%,4.21941,7.95,6.04
TR_perfuseri_GenerateDockets_SubPo_Load,1,173,173,173,173,173,173,173,0.000%,3.40136,6.41,4.87
TR_perfuserm_GenerateDockets_SubPo_Load,1,176,176,176,176,176,176,176,0.000%,3.42466,6.43,4.90
TR_perfuserh_SubPOMarker_Versions2_Save_Button_Click,1,311,311,311,311,311,311,311,0.000%,1.80180,8.92,5.47
TR_perfuserf_PackingList_PageLoad,1,668,668,668,668,668,668,668,0.000%,.80257,10.05,5.81
TR_perfusero_PackingList_PageLoad,1,614,614,614,614,614,614,614,0.000%,.84034,10.53,6.08
TR_perfuserh_MarkerSummary_PageLoad,1,220,220,220,220,220,220,220,0.000%,2.24719,16.71,6.55
TR_perfuserf_GenerateDockets_PageLoad,1,255,255,255,255,255,255,255,0.000%,2.12314,15.79,6.19
TR_perfuserh_MarkerSummary_SubPo_Load,1,149,149,149,149,149,149,149,0.000%,3.73134,9.53,5.22
TR_perfusera_PackingList_PageLoad,1,596,596,596,596,596,596,596,0.000%,.86207,10.80,6.24
TR_perfuserf_GenerateDockets_SubPo_Load,1,104,104,104,104,104,104,104,0.000%,4.67290,8.80,6.69
TR_perfusero_GenerateDockets_PageLoad,1,266,266,266,266,266,266,266,0.000%,2.07900,15.46,6.06
TR_perfusero_GenerateDockets_SubPo_Load,1,134,134,134,134,134,134,134,0.000%,3.93701,7.42,5.64
TR_perfusera_GenerateDockets_PageLoad,1,254,254,254,254,254,254,254,0.000%,2.15054,15.99,6.27
TR_perfusera_GenerateDockets_SubPo_Load,1,122,122,122,122,122,122,122,0.000%,4.20168,7.92,6.02
TR_perfuserh_PackingList_PageLoad,1,555,555,555,555,555,555,555,0.000%,.88968,11.15,6.44
TR_perfuserh_GenerateDockets_PageLoad,1,277,277,277,277,277,277,277,0.000%,1.97628,14.69,5.76
TR_perfuserh_GenerateDockets_SubPo_Load,1,128,128,128,128,128,128,128,0.000%,4.16667,7.85,5.97
TR_perfuserc_GenerateDockets_Wait,1,2012763,2012763,2012763,2012763,2012763,2012763,2012763,0.000%,.00050,0.10,0.15
TR_perfuserc_GenerateDockets_ButtonClick,1,709,709,709,709,709,709,709,0.000%,1.16550,2.82,2.64
TR_perfuserd_GenerateDockets_Wait,1,2164133,2164133,2164133,2164133,2164133,2164133,2164133,0.000%,.00046,0.10,0.15
TR_perfuserd_GenerateDockets_ButtonClick,1,759,759,759,759,759,759,759,0.000%,1.08460,2.63,2.45
TR_perfusere_GenerateDockets_Wait,1,2203520,2203520,2203520,2203520,2203520,2203520,2203520,0.000%,.00045,0.10,0.15
TR_perfusere_GenerateDockets_ButtonClick,1,557,557,557,557,557,557,557,0.000%,1.40647,3.41,3.18
TR_perfuserc_GenerateCuts_Wait,1,479121,479121,479121,479121,479121,479121,479121,0.000%,.00209,0.10,0.15
TR_perfuserc_GenerateCuts_ButtonClick,1,1009,1009,1009,1009,1009,1009,1009,0.000%,.80257,2.36,4.87
TR_perfuserc_GenerateCutJobplanning_Wait,1,0,0,0,0,0,0,0,0.000%,500.00000,0.00,0.00
Debug Sampler,14,0,0,1,1,1,0,1,0.000%,.00156,0.00,0.00
TR_perfuserd_GenerateCuts_Wait,1,600933,600933,600933,600933,600933,600933,600933,0.000%,.00166,0.10,0.15
TR_perfuserd_GenerateCuts_ButtonClick,1,978,978,978,978,978,978,978,0.000%,.82237,2.42,4.99
TR_perfuserd_GenerateCutJobplanning_Wait,1,0,0,0,0,0,0,0,0.000%,333.33333,0.00,0.00
TR_perfusere_GenerateCuts_Wait,1,872944,872944,872944,872944,872944,872944,872944,0.000%,.00115,0.09,0.14
TR_perfusere_GenerateCuts_ButtonClick,1,1128,1128,1128,1128,1128,1128,1128,0.000%,.73801,2.17,4.47
TR_perfusere_GenerateCutJobplanning_Wait,1,0,0,0,0,0,0,0,0.000%,333.33333,0.00,0.00
TR_perfuserk_GenerateDockets_Wait,1,3937540,3937540,3937540,3937540,3937540,3937540,3937540,0.000%,.00025,0.10,0.15
TR_perfuserk_GenerateDockets_ButtonClick,1,634,634,634,634,634,634,634,0.000%,1.28041,3.10,2.90
TR_perfuserk_GenerateCuts_Wait,1,455057,455057,455057,455057,455057,455057,455057,0.000%,.00220,0.10,0.15
TR_perfuserk_GenerateCuts_ButtonClick,1,1103,1103,1103,1103,1103,1103,1103,0.000%,.75873,2.23,4.60
TR_perfuserk_GenerateCutJobplanning_Wait,1,0,0,0,0,0,0,0,0.000%,500.00000,0.00,0.00
TR_perfuserg_GenerateDockets_Wait,1,4745770,4745770,4745770,4745770,4745770,4745770,4745770,0.000%,.00021,0.10,0.15
TR_perfuserg_GenerateDockets_ButtonClick,1,673,673,673,673,673,673,673,0.000%,1.19474,2.89,2.70
TR_perfuserg_GenerateCuts_Wait,1,435997,435997,435997,435997,435997,435997,435997,0.000%,.00229,0.09,0.14
TR_perfuserg_GenerateCuts_ButtonClick,1,3863,3863,3863,3863,3863,3863,3863,0.000%,.24372,0.72,1.48
TR_perfuserg_GenerateCutJobplanning_Wait,1,0,0,0,0,0,0,0,0.000%,333.33333,0.00,0.00
TR_perfuseri_GenerateDockets_Wait,1,7119855,7119855,7119855,7119855,7119855,7119855,7119855,0.000%,.00014,0.10,0.16
TR_perfuseri_GenerateDockets_ButtonClick,1,607,607,607,607,607,607,607,0.000%,1.28866,3.12,2.92
TR_perfuserm_GenerateDockets_Wait,1,7137045,7137045,7137045,7137045,7137045,7137045,7137045,0.000%,.00014,0.10,0.16
TR_perfuserm_GenerateDockets_ButtonClick,1,581,581,581,581,581,581,581,0.000%,1.31579,3.19,2.98
TR_perfuseri_GenerateCuts_Wait,1,620212,620212,620212,620212,620212,620212,620212,0.000%,.00161,0.10,0.15
TR_perfuseri_GenerateCuts_ButtonClick,1,1582,1582,1582,1582,1582,1582,1582,0.000%,.55066,1.62,3.34
TR_perfuseri_GenerateCutJobplanning_Wait,1,0,0,0,0,0,0,0,0.000%,333.33333,0.00,0.00
TR_perfuserm_GenerateCuts_Wait,1,710915,710915,710915,710915,710915,710915,710915,0.000%,.00141,0.10,0.15
TR_perfuserm_GenerateCuts_ButtonClick,1,1273,1273,1273,1273,1273,1273,1273,0.000%,.66445,1.95,4.03
TR_perfuserm_GenerateCutJobplanning_Wait,1,0,0,0,0,0,0,0,0.000%,333.33333,0.00,0.00
TR_perfuserb_GenerateDockets_Wait,1,8525125,8525125,8525125,8525125,8525125,8525125,8525125,0.000%,.00012,0.10,0.15
TR_perfuserb_GenerateDockets_ButtonClick,1,771,771,771,771,771,771,771,0.000%,1.05485,2.56,2.39
TR_perfusero_GenerateDockets_Wait,1,8607754,8607754,8607754,8607754,8607754,8607754,8607754,0.000%,.00012,0.10,0.15
TR_perfusero_GenerateDockets_ButtonClick,1,594,594,594,594,594,594,594,0.000%,1.29870,3.15,2.94
TR_perfuserb_GenerateCuts_Wait,1,307845,307845,307845,307845,307845,307845,307845,0.000%,.00325,0.10,0.15
TR_perfuserb_GenerateCuts_ButtonClick,1,1311,1311,1311,1311,1311,1311,1311,0.000%,.64599,1.90,3.92
TR_perfuserb_GenerateCutJobplanning_Wait,1,0,0,0,0,0,0,0,0.000%,500.00000,0.00,0.00
TR_perfusero_GenerateCuts_Wait,1,306103,306103,306103,306103,306103,306103,306103,0.000%,.00327,0.10,0.15
TR_perfusero_GenerateCuts_ButtonClick,1,426,426,426,426,426,426,426,0.000%,1.49701,4.40,9.08
TR_perfusero_GenerateCutJobplanning_Wait,1,0,0,0,0,0,0,0,0.000%,500.00000,0.00,0.00
TR_perfuserj_GenerateDockets_Wait,1,10374970,10374970,10374970,10374970,10374970,10374970,10374970,0.000%,.00010,0.10,0.15
TR_perfuserj_GenerateDockets_ButtonClick,1,419,419,419,419,419,419,419,0.000%,1.68350,4.08,3.81
TR_perfuserf_GenerateDockets_Wait,1,10376188,10376188,10376188,10376188,10376188,10376188,10376188,0.000%,.00010,0.10,0.15
TR_perfuserl_GenerateDockets_Wait,1,10377892,10377892,10377892,10377892,10377892,10377892,10377892,0.000%,.00010,0.10,0.15
TR_perfusern_GenerateDockets_Wait,1,10378681,10378681,10378681,10378681,10378681,10378681,10378681,0.000%,.00010,0.10,0.15
TR_perfuserf_GenerateDockets_ButtonClick,1,971,971,971,971,971,971,971,0.000%,.86281,2.09,1.95
TR_perfuserl_GenerateDockets_ButtonClick,1,729,729,729,729,729,729,729,0.000%,1.10375,2.67,2.50
TR_perfusern_GenerateDockets_ButtonClick,1,752,752,752,752,752,752,752,0.000%,1.08814,2.64,2.46
TR_perfusera_GenerateDockets_Wait,1,10377623,10377623,10377623,10377623,10377623,10377623,10377623,0.000%,.00010,0.10,0.15
TR_perfusera_GenerateDockets_ButtonClick,1,266,266,266,266,266,266,266,0.000%,2.26757,5.49,5.13
TR_perfuserj_GenerateCuts_Wait,1,581027,581027,581027,581027,581027,581027,581027,0.000%,.00172,0.09,0.14
TR_perfuserj_GenerateCuts_ButtonClick,1,1144,1144,1144,1144,1144,1144,1144,0.000%,.72359,2.13,4.39
TR_perfuserj_GenerateCutJobplanning_Wait,1,0,0,0,0,0,0,0,0.000%,166.66667,0.00,0.00
TR_perfuserf_GenerateCuts_Wait,1,691965,691965,691965,691965,691965,691965,691965,0.000%,.00144,0.09,0.14
TR_perfuserf_GenerateCuts_ButtonClick,1,1322,1322,1322,1322,1322,1322,1322,0.000%,.63980,1.88,3.88
TR_perfuserf_GenerateCutJobplanning_Wait,1,0,0,0,0,0,0,0,0.000%,500.00000,0.00,0.00
TR_perfuserl_GenerateCuts_Wait,1,827580,827580,827580,827580,827580,827580,827580,0.000%,.00121,0.09,0.14
TR_perfuserl_GenerateCuts_ButtonClick,1,1463,1463,1463,1463,1463,1463,1463,0.000%,.59559,1.75,3.61
TR_perfuserl_GenerateCutJobplanning_Wait,1,0,0,0,0,0,0,0,0.000%,500.00000,0.00,0.00
TR_perfusern_GenerateCuts_Wait,1,992946,992946,992946,992946,992946,992946,992946,0.000%,.00101,0.09,0.15
TR_perfusern_GenerateCuts_ButtonClick,1,1184,1184,1184,1184,1184,1184,1184,0.000%,.70423,2.07,4.27
TR_perfusern_GenerateCutJobplanning_Wait,1,0,0,0,0,0,0,0,0.000%,500.00000,0.00,0.00
TR_perfusera_GenerateCuts_Wait,1,1064879,1064879,1064879,1064879,1064879,1064879,1064879,0.000%,.00094,0.09,0.15
TR_perfusera_GenerateCuts_ButtonClick,1,414,414,414,414,414,414,414,0.000%,1.59236,4.68,9.66
TR_perfusera_GenerateCutJobplanning_Wait,1,0,0,0,0,0,0,0,0.000%,333.33333,0.00,0.00
TR_perfuserh_GenerateDockets_Wait,1,55245768,55245768,55245768,55245768,55245768,55245768,55245768,0.000%,.00002,0.10,0.16
TOTAL,565,288161,387,1316,306103,8607754,0,55245768,0.000%,.01022,0.36,0.50
